,Country Name,Country Code,Series Name,YR1993,YR1997,YR2001,YR2005,YR2009,YR2013,YR2017,YR2020
0,Afghanistan,AFG,GDP,..,..,..,6209137624.77181,12416161048.8412,20146404996.223,18753469630.2586,20116137325.8206
1,Afghanistan,AFG,POP,15816601,19357126,21606992,25654274,28394806,32269592,36296111,38928341
2,Afghanistan,AFG,INC,..,..,..,..,397.870876381663,573.372758018691,486.034777839794,475.620362308779
3,Albania,ALB,GDP,1185315468.46295,2258513974.0968,3922100793.5403,8052073539.38058,12044208085.864,12776220507.0162,13019689336.6919,15131866270.5936
4,Albania,ALB,POP,3227287,3148281,3060173,3011487,2927519,2895092,2873457,2837849
5,Albania,ALB,INC,315.43672009974,640.820869194811,1184.24480199817,2431.70614028901,3512.41004362752,3760.37690738146,3712.73301736609,4208.45661142323
6,Algeria,DZA,GDP,49945599428.5812,48177612042.1507,54744712814.8676,103198223709.439,137211035770.034,209755003250.664,170097014589.134,145009181490.62
7,Algeria,DZA,POP,27635517,29742980,31451513,33149720,35333882,38140135,41389174,43851043
8,Algeria,DZA,INC,1432.33421096694,1242.80333609071,1320.78743905098,2066.87906412681,2952.57241026197,4081.07794924724,3342.41791429143,2735.0944551185
9,American Samoa,ASM,GDP,..,..,..,500000000,675000000,638000000,612000000,709000000
10,American Samoa,ASM,POP,51025,55227,58496,59557,56675,55717,55617,55197
11,American Samoa,ASM,INC,..,..,..,..,..,..,..,..
12,Andorra,AND,GDP,1007025755.00065,1180597272.72727,1546926174.49664,3159905484.39249,3674409558.21061,3193512950.02419,3000162081.11976,2891001149.3611
13,Andorra,AND,POP,60974,64318,67344,78871,84461,80770,76997,77265
14,Andorra,AND,INC,..,..,..,..,..,..,..,..
15,Angola,AGO,GDP,5768720421.61367,7648377412.83277,8936063723.20121,36970918699.2523,70307166934.3311,133401594460.922,68972763787.1547,53619071176.139
16,Angola,AGO,POP,13075044,14871572,16945753,19433604,22514275,26015786,29816769,32866268
17,Angola,AGO,INC,..,259.971433415641,266.545927311833,949.366900564569,1821.95769052509,3174.47488473934,2975.44750211604,1122.79251732088
18,Antigua and Barbuda,ATG,GDP,535174074.074074,680618518.518518,800481481.481481,1022962962.96296,1228329629.62963,1181448148.14815,1467977777.77778,1370281481.48148
19,Antigua and Barbuda,ATG,POP,65777,71707,77212,81462,86743,91510,95425,97928
20,Antigua and Barbuda,ATG,INC,..,..,..,..,..,..,..,..
21,Argentina,ARG,GDP,236741715015.015,292859000000,268696750000,198737095012.282,332976484577.619,552025140252.246,643628665302.155,389591035520.675
22,Argentina,ARG,POP,33970103,35657438,37275644,38892924,40482786,42202935,44044811,45376763
23,Argentina,ARG,INC,6194.16840479609,7087.99780879734,5997.66877673955,3781.91553287966,6849.05394686939,10851.0717236419,12493.7720428652,7211.95593299884
24,Armenia,ARM,GDP,1201312829.27524,1639492444.76152,2118467913.37873,4900469950.09033,8647936747.98704,11121465767.4067,11527458565.7334,12641209802.112
25,Armenia,ARM,POP,3363111,3133081,3050686,2981262,2888094,2897593,2944789,2963234
26,Armenia,ARM,INC,..,470.789224089613,605.406218807635,1482.56258608571,2742.76684973496,3556.28894874618,3515.98221484361,3608.49912138464
27,Aruba,ABW,GDP,1083240223.46369,1531843575.41899,1896648044.69274,2359776536.31285,2553631284.9162,2727932960.89385,3092178770.94972,2496648044.69274
28,Aruba,ABW,POP,72495,85450,92892,100028,101452,103165,105361,106766
29,Aruba,ABW,INC,13238.5142917837,15636.1309511373,17925.3194628618,16126.371531771,21283.6952296727,22106.9830177433,24584.1210978298,..
30,Australia,AUS,GDP,312126194491.287,435323994365.315,379083932596.329,695075176665.163,928042998085.702,1576335282651.07,1326882872011.46,1327836171068.51
31,Australia,AUS,POP,17667000,18517000,19413000,20394800,21691700,23128129,24601860,25693267
32,Australia,AUS,INC,13975.0862007279,18617.4590009322,15442.3144917929,26538.6876452736,33354.0383384188,53834.8070093482,41987.8157786302,40141.1574837384
33,Austria,AUT,GDP,190379720809.18,212790348404.555,197508773215.323,316092273276.015,401758735822.211,430190979705.962,417261151844.977,433258467676.515
34,Austria,AUT,POP,7905633,7968041,8042293,8227829,8343323,8479823,8797566,8916864
35,Austria,AUT,INC,20261.5066863414,22304.4512052732,20177.3033430096,31807.6729803242,39496.6248144407,41654.5422020451,38311.8452930536,38848.2014876238
36,Azerbaijan,AZE,GDP,1570000000,3962238113.16021,5707720390.8515,13245716099.0057,44291490420.5026,74164435946.4627,40865558912.3867,42693000000
37,Azerbaijan,AZE,POP,7494800,7838250,8111200,8391850,8947243,9416801,9854033,10093121
38,Azerbaijan,AZE,INC,..,..,462.994064453432,956.915598305492,3331.14893708963,5591.72890810391,3198.10574333415,3489.80508828885
39,"Bahamas, The",BHS,GDP,3092000000,6332360000,8317830000,9836200000,9981960000,10562800000,12357600000,9699500000
40,"Bahamas, The",BHS,POP,271065,287363,302618,324848,349600,367162,381749,393248
41,"Bahamas, The",BHS,INC,10266.4632914854,20276.4323566355,25044.9502007782,27716.6566194885,26079.2070624663,25734.3630779149,28564.4205920953,22404.7768487323
42,Bahrain,BHR,GDP,5200265957.44681,6349202393.61702,8976196808.51064,15968723404.2553,22938218085.1064,32539468085.1064,35473776595.7447,34723357446.8085
43,Bahrain,BHR,POP,536212,594927,697550,889157,1185075,1315029,1494077,1701583
44,Bahrain,BHR,INC,6511.86589796584,7434.03335811646,9028.80128694193,12414.797882027,13081.8943756854,16719.9433522293,18505.5827146805,15423.9237293933
45,Bangladesh,BGD,GDP,33166519417.9894,48244309133.4895,53991289844.3291,69442943089.4309,102477791472.39,149990451022.29,293754646182.389,373902134700.41
46,Bangladesh,BGD,POP,110350641,120160571,130088709,139035505,145924795,152761413,159685421,164689383
47,Bangladesh,BGD,INC,284.227079978742,380.613295311187,393.779371464278,481.152185528345,697.986276706162,972.322999933183,1490.6915283444,2032.59399568833
48,Barbados,BRB,GDP,2063342117.03873,2498384129.66738,3054500000,3819500000,4465657314.64407,4677248301.89959,4981588899.82409,4689534961.75956
49,Barbados,BRB,POP,263869,268183,272494,276320,281107,284294,286229,287371
50,Barbados,BRB,INC,7015.2691459257,8205.01277922266,9770.30244191035,11841.0947086017,13615.7990892733,14043.2163523228,14801.8766030072,13003.3662705796
51,Belarus,BLR,GDP,16280991735.5372,14128408565.7064,12354820143.8849,30207567316.6202,50874078052.2735,75527984234.2342,54726595249.1849,61489588894.8211
52,Belarus,BLR,POP,10239050,10117433,9928549,9663915,9504583,9443211,9458989,9379952
53,Belarus,BLR,INC,..,1185.40521579803,1070.64189948651,2703.83132931628,4525.76206660274,6562.33436288645,4751.75820739432,5148.3229130713
54,Belgium,BEL,GDP,224721795708.955,252708051420.839,236746141604.37,385714762230.039,483254171097.812,521791015247.06,502764720556.354,521676942134.632
55,Belgium,BEL,POP,10084475,10181245,10286570,10478617,10796493,11159407,11375158,11544241
56,Belgium,BEL,INC,19163.5340717146,21438.4678960653,19518.908125774,30753.8150992693,36699.1612769517,38719.1740799608,36240.0579176753,36490.7377866622
57,Belize,BLZ,GDP,560205300,654582900,871590369.32848,1111453823.62023,1320605471.63149,1581844936.42351,1844906692.53913,1585631670.3461
58,Belize,BLZ,POP,197625,221575,255068,283798,314655,345707,375775,397621
59,Belize,BLZ,INC,2553.24957869827,2697.64403599994,2633.17999878257,2893.61236675656,3088.1540553374,3351.62974674655,3797.46905306308,3219.7212181173
60,Benin,BEN,GDP,2274557914.07481,2268301537.65128,3666222600.09828,6567654493.50831,9738626993.27696,12517845732.2095,12701654743.2149,15651545331.5404
61,Benin,BEN,POP,5521761,6281644,7076728,7982223,8944713,10004594,11175192,12123198
62,Benin,BEN,INC,328.159009903404,263.504083808769,424.357224115416,704.997367764836,927.650730123401,1102.27389711219,1003.13166221777,1133.39984671112
63,Bermuda,BMU,GDP,1820359900,2932827000,3680483000,4868136000,6656000000,6465756000,7142316000,6881662000
64,Bermuda,BMU,POP,58910,60497,62504,64154,65636,65001,63873,63893
65,Bermuda,BMU,INC,..,..,..,..,..,..,..,..
66,Bhutan,BTN,GDP,225998091.177435,352260952.905536,461444513.66815,796938120.181406,1234014291.82342,1756215665.09323,2450364928.07302,2315436303.29988
67,Bhutan,BTN,POP,532590,551713,603643,648744,678329,710235,745563,771612
68,Bhutan,BTN,INC,324.253693910261,514.005078804569,683.739194004307,1087.77345402791,1537.94883620575,2032.25821745474,2640.87278010304,2482.57459834552
69,Bolivia,BOL,GDP,5734676631.26304,7925673467.44571,8141537877.06791,9549077918.69677,17339992193.7322,30659338885.6729,37508642170.767,36629843806.0781
70,Bolivia,BOL,POP,7312857,7937453,8580244,9232301,9884790,10542375,11192853,11673029
71,Bolivia,BOL,INC,695.1029741532,893.93081104867,826.245292926642,818.161999962666,1464.30140512077,2263.06595776912,2802.57343821947,2676.57665595877
72,Bosnia and Herzegovina,BIH,GDP,..,3671816504.23851,5800774707.17423,11222953328.6704,17613836494.0692,18172335776.3301,18079076426.8667,19955120004.6604
73,Bosnia and Herzegovina,BIH,POP,4078940,3736070,3755514,3765332,3735945,3542598,3351534,3280815
74,Bosnia and Herzegovina,BIH,INC,..,852.68143018661,1525.77099368377,2783.52944098993,4274.38478355139,4322.44739998905,4487.34437795547,5059.27672498212
75,Botswana,BWA,GDP,4160086253.1468,5020214747.45261,5489608299.66445,9918907108.09702,10267133177.7334,14901750991.2012,16088437675.1648,14930072799.0084
76,Botswana,BWA,POP,1399110,1540424,1674674,1799077,1953495,2062551,2205076,2351625
77,Botswana,BWA,INC,2750.85655274153,2725.6927091494,2834.36148478168,3957.42437189867,3865.97411912168,5288.0112661205,5763.35758596366,5015.65053478786
78,Brazil,BRA,GDP,368295777770.079,883206452795.124,559983704094.17,891633826603.377,1666996294372.87,2472819362216.69,2063514688761.98,1448565936739.56
79,Brazil,BRA,POP,156849086,167209046,177196051,186127108,193886505,201035904,207833825,212559409
80,Brazil,BRA,INC,2032.88656301485,4576.16441262023,2697.89584128276,4042.42457022932,7405.96730913939,10617.9076372047,8574.77696864069,5801.14483388571
81,British Virgin Islands,VGB,GDP,..,..,..,..,..,..,..,..
82,British Virgin Islands,VGB,POP,18783,19660,20675,23106,27035,28850,29567,30237
83,British Virgin Islands,VGB,INC,..,..,..,..,..,..,..,..
84,Brunei Darussalam,BRN,GDP,4105706151.75145,5197332974.13793,5601090584.36122,9531402847.87311,10732366286.2643,18093829923.2737,12128104859.1498,12005825769.5087
85,Brunei Darussalam,BRN,POP,281684,311962,340037,365112,383902,404414,424481,437483
86,Brunei Darussalam,BRN,INC,11428.4265182542,12987.0857876602,12117.6594998652,17787.1362540808,21426.5380409241,33604.5358678382,24386.1914550722,22332.3775024966
87,Bulgaria,BGR,GDP,10829710144.9275,11315986087.1633,14183497963.1071,29869283400.0381,52023504656.2878,55810138436.4821,59199447421.4924,69889347433.4324
88,Bulgaria,BGR,POP,8472313,8312068,8009142,7658972,7444443,7265115,7075947,6934015
89,Bulgaria,BGR,INC,1079.86944342138,1231.08788515255,1546.33251774678,3322.1289530834,5759.73128062308,6421.40970851494,6971.01876209471,8440.09964865379
90,Burkina Faso,BFA,GDP,3199536227.94818,2447668984.53131,3190371050.45524,6146352742.03313,9450697335.53565,13444301139.1384,14106956830.0857,17933606353.1775
91,Burkina Faso,BFA,POP,9552473,10665552,11944589,13421935,15141098,17072791,19193236,20903278
92,Burkina Faso,BFA,INC,307.860278968929,210.769836873852,249.222568656849,420.245179389313,557.050888135915,680.496599984917,635.405871846024,701.500513174895
93,Burundi,BDI,GDP,938632612.026359,972896267.915425,876794723.068586,1117113045.65222,1781455092.07114,2451606684.31708,2712324087.2789,2780510624.64184
94,Burundi,BDI,POP,5798054,6122130,6525546,7364857,8397661,9540302,10827010,11890781
95,Burundi,BDI,INC,111.526306763262,93.1965491004392,85.4923160106577,83.9307889376133,115.808088283463,179.96134642416,172.690074473516,173.568274140071
96,Cabo Verde,CPV,GDP,490417389.682569,490608657.924976,563024383.296626,971977088.156914,1711817181.52969,1850470042.43281,1769787215.42141,1703698676.69742
97,Cabo Verde,CPV,POP,366057,404248,435701,463034,486667,511740,537499,555988
98,Cabo Verde,CPV,INC,1182.34223926039,1052.63961735809,1107.55710243928,1749.39584892935,2970.86545053729,3044.54566840165,2768.4241131708,2587.93498276979
99,Cambodia,KHM,GDP,2533727592.04165,3443413388.6909,3984000517.02345,6293046161.83262,10401851850.6108,15227991395.2201,22177200511.5811,25872798012.1938
100,Cambodia,KHM,POP,9970727,11298594,12405411,13273355,14093605,15026330,16009413,16718971
101,Cambodia,KHM,INC,..,282.23890466177,287.017891978899,419.448546512202,644.70822462431,884.326026899576,1161.74669857202,1319.76944290778
102,Cameroon,CMR,GDP,16181813512.4483,10789457915.0457,10953485244.4239,19509850837.2745,27932971683.4215,33728622819.0912,36098550141.5897,40804449726.0184
103,Cameroon,CMR,POP,12864091,14344444,15928910,17733408,19789922,22077300,24566070,26545864
104,Cameroon,CMR,INC,1031.60855864282,578.659581444143,542.809335172484,881.54565274893,1142.38702540397,1193.17298621703,1182.45650985017,1269.22305584506
105,Canada,CAN,GDP,577170761956.438,654986999855.554,738981792355.372,1173108598778.68,1374625142157.29,1846597421834.98,1649265644244.09,1645423407568.36
106,Canada,CAN,POP,28684764,29905948,31020902,32243753,33628895,35082954,36545236,38037204
107,Canada,CAN,INC,16106.0554156968,17507.5524472835,18872.0377886201,29608.4342827203,32974.4715661154,43061.3107163696,36956.0805026401,35025.272804657
108,Cayman Islands,CYM,GDP,..,..,..,..,4281868765.92454,4405954696.16336,5166467286.75345,5608989195.5292
109,Cayman Islands,CYM,POP,29068,36155,43934,49261,55321,59933,63382,65720
110,Cayman Islands,CYM,INC,..,..,..,..,..,..,..,..
111,Central African Republic,CAF,GDP,1278781166.72188,937741468.029676,932648604.420575,1337894379.62649,2067381663.75378,1691544192.38242,2072349974.15272,2326720920.59223
112,Central African Republic,CAF,POP,3046148,3392432,3722016,4038380,4337623,4447945,4596023,4829764
113,Central African Republic,CAF,INC,363.759340741379,244.170690468163,227.186632751369,303.836842060507,434.538403999243,315.447545881473,387.438392777673,400.903315593269
114,Chad,TCD,GDP,1463251055.40068,1544689502.82472,1710843360.64955,6649307057.03314,9290728773.35723,12953535495.8781,10000395242.1457,10715396135.4168
115,Chad,TCD,POP,6563925,7503494,8678049,10096630,11560142,13220433,15016761,16425859
116,Chad,TCD,INC,189.02607828325,170.900092919519,171.081465725608,346.532995161788,592.679763001374,696.563214498654,453.018046535318,457.056964112231
117,Channel Islands,CHI,GDP,..,..,6233310060.38969,8827299477.20007,..,..,..,..
118,Channel Islands,CHI,POP,142407,145387,149097,151674,158187,163039,168666,173859
119,Channel Islands,CHI,INC,..,..,..,..,..,..,..,..
120,Chile,CHL,GDP,49297773130.1185,85728899954.449,71517080040.6338,122314960843.922,171412642047.328,277239461340.404,276364933679.626,252727193710.018
121,Chile,CHL,POP,13944934,14786227,15516112,16182713,16886184,17571511,18470435,19116209
122,Chile,CHL,INC,2895.1500594778,4689.90232436703,3740.08662397494,5506.72358885555,7708.5523530472,12395.9715270702,11758.1359435913,10351.7147539597
123,China,CHN,GDP,444731282435.515,961603952954.233,1339395718862.89,2285965892364.2,5101703073088.97,9570406235659.64,12310409370894.2,14687673892882
124,China,CHN,POP,1178440000,1230075000,1271850000,1303720000,1331260000,1363240000,1396215000,1411100000
125,China,CHN,INC,328.209009227747,666.327314820462,877.191661342729,1435.42801696798,3058.79134443733,5273.5720204832,6714.78578265827,7572.28183087988
126,Colombia,COL,GDP,66446804802.5747,106659508271.255,98211749595.5442,145619191582.061,232397835678.336,382116126448.554,311883730690.129,270299982887.01
127,Colombia,COL,POP,35091272,37723803,40255956,42647731,44750054,46495492,48909844,50882884
128,Colombia,COL,INC,1600.02476456049,2346.68597947659,1983.65447931591,2730.14414796164,4204.00544921005,6474.40789632844,5304.66904664084,4469.15591964286
129,Comoros,COM,GDP,452881443.084162,364445589.702365,378512003.405071,653845122.872074,905341090.570115,1116224161.07781,1077439662.5798,1223876064.52345
130,Comoros,COM,POP,449270,501955,555895,611625,673251,741511,813890,869595
131,Comoros,COM,INC,936.839685605231,657.235408719794,624.691706937456,980.492064785937,1227.77233043432,1357.90943936253,1199.99781192598,1275.733082525
132,"Congo, Dem. Rep.",COD,GDP,10706246370.9325,6090840548.18784,7438189100.33333,11964484667.9102,18648373312.4241,32679745297.6453,38019265625.8845,48716960860.0664
133,"Congo, Dem. Rep.",COD,POP,38815835,43827191,48428534,54785894,62448572,71358804,81398765,89561404
134,"Congo, Dem. Rep.",COD,INC,..,69.3585419278733,98.7815883154359,144.821089853789,188.069574360096,307.025156509236,336.802722568191,432.026249438327
135,"Congo, Rep.",COG,GDP,2684323618.40365,2322719101.28455,2796704603.04443,6650001684.9045,9723299908.19473,17958720704.4596,11094823676.5914,10483151093.6873
136,"Congo, Rep.",COG,POP,2559880,2867283,3217930,3622775,4145400,4622757,5110701,5518092
137,"Congo, Rep.",COG,INC,348.471600080626,145.284757029663,133.396323787719,346.292040360505,1012.90114241706,2124.55945697013,954.844936147622,711.986579199252
138,Costa Rica,CRI,GDP,9582866263.11706,12614602382.2012,15976174336.9721,20040642476.9817,30745712006.5307,50949672205.9168,60516043590.1832,62158002233.0279
139,Costa Rica,CRI,POP,3372298,3718952,4034074,4285504,4520739,4742111,4949955,5094114
140,Costa Rica,CRI,INC,2612.39590204878,3173.73633010886,3547.73595905796,4199.83425700058,6175.89886987112,9778.64952006204,10929.6396226226,10700.43143027
141,Cote d'Ivoire,CIV,GDP,11045759468.9412,18047557171.7483,16810536883.7177,24036917016.59,33886814907.0346,42760237561.4396,51588158717.5348,61348579465.1017
142,Cote d'Ivoire,CIV,POP,13271638,15130674,16853027,18354513,20059147,22087506,24437475,26378275
143,Cote d'Ivoire,CIV,INC,674.838726280788,669.363014698473,544.467023304357,816.185233944333,1090.73065722881,1279.13308288586,1951.00703124346,2170.85067427399
144,Croatia,HRV,GDP,..,24091170702.5562,23273640257.1968,45780237257.1867,63084004705.0807,58889082315.336,56214427431.2,57203783203.0259
145,Croatia,HRV,POP,4600463,4534920,4299642,4310145,4305181,4255689,4124531,4047680
146,Croatia,HRV,INC,..,4472.26046105272,4306.93861671588,8764.05263390197,11579.8680629833,11304.3843686905,11310.5685528478,12132.9220956216
147,Cuba,CUB,GDP,22367254864.8649,25365908100,31682400000,42643836100,57481481481.4815,77148000000,96851000000,107352000000
148,Cuba,CUB,POP,10789312,10989730,11164676,11261586,11226711,11282722,11339255,11326616
149,Cuba,CUB,INC,1844.14224147332,2002.14749569658,2463.79397498769,3296.31651581829,4753.68011418547,5910.77825079565,7416.11803928487,..
150,Curacao,CUW,GDP,..,..,..,..,..,3039944134.07821,3009497206.70391,2496174735.64702
151,Curacao,CUW,POP,144299,146956,129047,137658,146833,153822,160175,154947
152,Curacao,CUW,INC,..,..,..,..,..,..,..,..
153,Cyprus,CYP,GDP,6590291048.29211,9547818700.11403,10397897085.6102,18433411267.2553,25945391775.4932,23900872625.8467,22870833709.8961,24692095945.1742
154,Cyprus,CYP,POP,818750,891190,960274,1027657,1098089,1143866,1179685,1207361
155,Cyprus,CYP,INC,9012.384765625,11472.2919921875,11974.1357421875,20741.623046875,28203.197265625,23637.783203125,22639.234375,22557.154296875
156,Czechia,CZE,GDP,40866748705.1075,62180159376.1239,67808032979.5429,137143471328.274,207434296805.33,211685616592.931,218628940951.675,245339322066.759
157,Czechia,CZE,POP,10329855,10304131,10216605,10211216,10443936,10514272,10594438,10697858
158,Czechia,CZE,INC,3127.21808129029,4648.47869672616,5013.7735186194,10143.6717844523,14316.2072846475,14481.5823029915,15284.6015493123,17172.9272011104
159,Denmark,DNK,GDP,143195627014.605,173537647058.824,164791442543.375,264467336457.17,321241303699.006,343584391647.927,332121063806.391,356084867685.639
160,Denmark,DNK,POP,5188628,5284991,5358783,5419432,5523095,5614932,5764980,5831404
161,Denmark,DNK,INC,22305.7869017415,26622.0371710415,24788.1172236015,40314.9433840037,47483.3181852215,51794.6199290871,49134.6046223964,52666.348965617
162,Djibouti,DJI,GDP,466048469.22986,502675542.001227,572417440.820162,708633194.726566,1049110684.72493,2042817162.85639,2762581334.22612,3181071153.6622
163,Djibouti,DJI,POP,618504,660858,733019,783248,827820,883296,944100,988002
164,Djibouti,DJI,INC,771.077840138864,747.626621769208,767.478882325154,883.972540507056,1090.53795738717,1787.91657929279,2334.38553218754,2957.25781460276
165,Dominica,DMA,GDP,245525925.925926,302988888.888889,340203703.703704,364255555.555556,489074074.074074,498296296.296296,521551851.851852,504214814.814815
166,Dominica,DMA,POP,70818,70592,69671,70580,70848,71019,71460,71991
167,Dominica,DMA,INC,3205.96374713224,3842.16423284238,4200.95332406199,4352.06725641257,5803.19963282746,5545.15963007428,6064.62687660425,6112.48414450983
168,Dominican Republic,DOM,GDP,13081042400,20017480054.834,25601765400.5153,35777570135.5225,48261033298.2133,62682163837.347,79997975621.8654,78844702329.0785
169,Dominican Republic,DOM,POP,7546467,8084407,8598599,9097262,9576736,10048226,10513111,10847904
170,Dominican Republic,DOM,INC,1562.29585817134,2296.048730025,2782.5778882128,3540.14268084212,4651.93759415344,5617.79751134282,6825.55385782888,6398.80739739549
171,Ecuador,ECU,GDP,18938717358.6793,28162053026.5133,24468324000,41507085000,62519686000,95129659000,104295862000,99291124000
172,Ecuador,ECU,POP,10961460,11951457,12914660,13825839,14774412,15707473,16785356,17643060
173,Ecuador,ECU,INC,1385.71200351195,1902.86628284132,1448.54792601764,2178.90959377885,3367.42037187879,4842.57121124455,4906.52083791333,4184.17423664673
174,"Egypt, Arab Rep.",EGY,GDP,46578631452.581,78436578171.0914,96684636118.5984,89600665557.4043,189147005444.646,288434108527.132,235733695652.174,365252651278.852
175,"Egypt, Arab Rep.",EGY,POP,59880656,64892269,70152662,75523576,81134789,88404652,96442590,102334403
176,"Egypt, Arab Rep.",EGY,INC,675.535808339658,1074.95615568673,1254.70023559719,991.834353179156,2024.59309383201,2792.37853697904,2150.31222263113,3173.68222663711
177,El Salvador,SLV,GDP,6680269200,10221705900,12282533600,14698000000,17601620000,21990960000,24979190000,24638720000
178,El Salvador,SLV,POP,5490478,5746288,5927001,6052124,6157678,6266076,6388124,6486201
179,El Salvador,SLV,INC,1134.62922676638,1654.11473226751,1887.7751677257,2163.63056128847,2472.13656800097,2940.82279902264,3175.2231646177,3034.9217846019
180,Equatorial Guinea,GNQ,GDP,136047896.155778,442337849.474377,1461139022.02954,8217369092.65224,15027795173.2187,21948835350.3425,12200912828.3695,10099157269.8025
181,Equatorial Guinea,GNQ,POP,462637,536459,631662,749527,901589,1076412,1262008,1402985
182,Equatorial Guinea,GNQ,INC,246.089525379092,306.91493515961,..,-487.934092621018,4752.66393320342,5595.38767205377,4138.43266887424,3185.02221027451
183,Eritrea,ERI,GDP,467872714.755603,686490090.140141,752368495.512622,1098425900.74116,1856695551.21951,..,..,..
184,Eritrea,ERI,POP,2238631,2195192,2374721,2826653,3119920,..,..,..
185,Eritrea,ERI,INC,180.15778624884,255.631813440474,271.26393480399,338.175794081913,534.693334811886,..,..,..
186,Estonia,EST,GDP,..,5154420649.23354,6254649538.98487,14106790200.2239,19633031397.6104,25115753366.1114,26924385103.0659,30650285471.7215
187,Estonia,EST,POP,1494128,1399535,1388115,1354775,1334515,1317997,1317384,1329479
188,Estonia,EST,INC,..,..,3745.00216558982,8609.33964902718,11654.8776154195,15448.5141096156,16677.8873296365,19404.0684082732
189,Eswatini,SWZ,GDP,1357206995.74624,1716699913.19444,1542477308.89408,3178126491.90949,3580417066.92472,4597532029.70451,4402969225.92165,3984840580.40634
190,Eswatini,SWZ,POP,887706,963416,1013608,1030575,1057462,1086843,1124808,1160164
191,Eswatini,SWZ,INC,1364.3449400382,1664.22930719858,1398.6202171032,2847.12097153709,2833.93927822627,3458.00105468251,3052.91214733085,2530.51813368588
192,Ethiopia,ETH,GDP,8830712713.90781,8589211390.49612,8231326016.47494,12401139453.9738,32437389116.038,47648211133.2183,81770791970.982,107657734392.446
193,Ethiopia,ETH,POP,53295556,60697443,68159422,76346310,85233923,95385793,106399926,114963583
194,Ethiopia,ETH,INC,133.999895921778,96.1648339903295,91.0801353894095,111.076920618264,280.771141852402,371.046019258313,612.855291251288,807.714616881544
195,Faroe Islands,FRO,GDP,..,..,1162024799.34637,1754406443.32905,2295640657.35231,2677296440.7172,2969876872.28339,3240759988.99453
196,Faroe Islands,FRO,POP,46277,45789,46999,47731,47814,47901,48326,48865
197,Faroe Islands,FRO,INC,..,..,..,..,..,..,..,..
198,Fiji,FJI,GDP,1636074717.86224,2090184941.46983,1652464201.00149,2980484920.16558,2870624635.68032,4190143206.25611,5353404422.08138,4574413823.31243
199,Fiji,FJI,POP,754962,792736,813923,821606,853636,865602,877460,896444
200,Fiji,FJI,INC,1854.59261932895,2269.55432994312,1779.51788860988,3319.05100504988,3051.78311744496,4178.1150232609,4807.05525614382,4053.88712358801
201,Finland,FIN,GDP,89214114708.0254,126912152101.707,129533107311.811,204885494686.381,253497520828.515,271362405890.589,255647979916.471,271836962949.417
202,Finland,FIN,POP,5066447,5139835,5188008,5246096,5338871,5438972,5508214,5529543
203,Finland,FIN,INC,13110.8610533998,20039.8401982414,20626.7242802473,32374.4375181421,38722.425410738,40385.2363750885,37727.6621849029,39966.4068264468
204,France,FRA,GDP,1322815612694,1452884917959.09,1377657339291.34,2196945232435.8,2700887366932.03,2811876903329.03,2595151045197.65,2630317731455.26
205,France,FRA,POP,59106758,59964841,61357432,63179356,64707035,65998685,66918020,67379908
206,France,FRA,INC,18936.2777789697,20795.6774588633,19325.1766971105,29656.9396628608,35069.9120603733,35808.9386301244,32620.9812789291,31771.785967947
207,French Polynesia,PYF,GDP,3396259324.04045,3566672621.78482,..,..,..,..,5833351477.8985,5669368717.20724
208,French Polynesia,PYF,POP,210644,226854,244929,258780,265256,270332,276108,280904
209,French Polynesia,PYF,INC,..,..,..,..,..,..,..,..
210,Gabon,GAB,GDP,4378645081.01769,5326816858.99586,5023265365.25169,9582783318.3881,12113699660.6799,17595745653.3676,14929488770.7315,15316824039.3269
211,Gabon,GAB,POP,1029769,1141332,1258008,1390550,1568925,1817070,2064812,2225728
212,Gabon,GAB,INC,1833.55463489002,2250.45594045973,2123.43783519007,3238.2583753804,4208.7585973253,5204.76453488229,4576.50517362906,4337.42384388912
213,"Gambia, The",GMB,GDP,755042548.055824,803630742.53446,687408804.630527,1027702254.38664,1450140385.97229,1375608956.10386,1504909753.28746,1830412999.95922
214,"Gambia, The",GMB,POP,1060861,1200522,1360070,1543745,1740277,1963708,2213900,2416664
215,"Gambia, The",GMB,INC,585.59781598313,535.495030384563,396.588625213018,535.934226588637,644.02348500714,501.807927682857,486.491609622761,596.536441759881
216,Georgia,GEO,GDP,2701181331.30816,3510520231.21387,3219488663.77231,6410823633.25426,10766836276.5639,17189551520.9811,16242916915.7203,15842922532.7202
217,Georgia,GEO,POP,4911100,4349913,4014373,3902469,3814419,3717668,3728004,3722716
218,Georgia,GEO,INC,..,..,694.210237030821,1442.68250567145,2433.25698918588,3904.3378573814,3507.36651528469,3416.98368468215
219,Germany,DEU,GDP,2071323790370.28,2211989623279.95,1945790973803.15,2846864211175.1,3411261212652.34,3733804649549.03,3690849152517.65,3846413928653.71
220,Germany,DEU,POP,81156363,82034771,82349925,82469422,81902307,80645605,82657002,83160871
221,Germany,DEU,INC,21217.5746154056,22462.7870852823,19433.52766729,28838.6370960828,34662.1473094564,38953.5152488853,37677.1720444941,38425.6661395502
222,Ghana,GHA,GDP,5966255778.12018,6891308593.75,5314909953.92992,10744675209.8984,26048108185.0534,62823043706.4702,60406382898.5174,70043199813.6885
223,Ghana,GHA,POP,16106756,17908977,19756929,21814648,24170943,26607641,29121464,31072945
224,Ghana,GHA,INC,293.268912388154,292.018321651256,204.114337404299,383.034592903426,872.455494169011,1861.83898732611,1581.24391521058,1876.58422136172
225,Gibraltar,GIB,GDP,..,..,..,..,..,..,..,..
226,Gibraltar,GIB,POP,28680,29404,31604,33222,33562,33694,33723,33691
227,Gibraltar,GIB,INC,..,..,..,..,..,..,..,..
228,Greece,GRC,GDP,108809059155.767,143157600149.757,136309295225.34,247875422204.414,331308500253.274,238907690051.13,199844406013.531,188835201625.91
229,Greece,GRC,POP,10460415,10661259,10862132,10987314,11107017,10965211,10754679,10700556
230,Greece,GRC,INC,..,..,..,..,24352.2951936464,17852.5340627713,15480.6379957417,14751.7097291765
231,Greenland,GRL,GDP,927219728.866886,1072147778.03013,1086172922.57413,1849805732.96203,2529948329.57153,2684952726.88425,2851610655.92391,3075968328.69677
232,Greenland,GRL,POP,55200,56000,56350,56935,56323,56483,56171,56367
233,Greenland,GRL,INC,..,..,..,..,..,..,..,..
234,Grenada,GRD,GDP,309812185.185185,392190592.592593,520444185.185185,695555555.555555,771275555.555555,842620111.111111,1125685185.18519,1043411111.11111
235,Grenada,GRD,POP,98234,101567,103242,104658,105787,108172,110874,112519
236,Grenada,GRD,INC,..,..,..,..,..,..,..,..
237,Guam,GUM,GDP,..,..,..,4213000000,4828000000,5399000000,6013000000,5844000000
238,Guam,GUM,POP,139813,150303,156395,158406,159232,160415,164281,168783
239,Guam,GUM,INC,..,..,..,..,..,..,..,..
240,Guatemala,GTM,GDP,11399942453.0646,17790026221.6139,18405203853.1036,26783543667.064,37125943564.9873,52996540703.5943,71654134378.5299,77604632620.6473
241,Guatemala,GTM,POP,9790619,10788362,11871565,12948292,14000190,15043981,16087418,16858333
242,Guatemala,GTM,INC,1070.45048153105,1495.09429683053,1395.78059625605,1791.50874127203,2248.25200020193,2980.02369294219,3762.80965814348,3953.16231687617
243,Guinea,GIN,GDP,3279096606.21358,3783700461.64359,2829435956.51563,2937071767.25576,6716904568.76482,8376613843.27265,10324668266.5921,14169626010.1229
244,Guinea,GIN,POP,6897171,7662071,8417082,9109585,9964470,10892821,12067516,13132792
245,Guinea,GIN,INC,422.227018276492,424.730528472131,281.890317141686,233.340791701429,549.532400087929,599.800823157811,685.682114499287,920.034456368958
246,Guinea-Bissau,GNB,GDP,236880821.656388,268550998.219197,392621385.894576,587029054.444652,830126469.986608,1046087417.96916,1350177127.5523,1431758242.90375
247,Guinea-Bissau,GNB,POP,1043421,1132505,1227105,1344931,1483920,1648259,1828146,1967998
248,Guinea-Bissau,GNB,INC,161.796523698517,158.164979608671,255.118469136355,346.419444818124,419.917775005433,475.779830187552,588.291889298349,628.984663963673
249,Guyana,GUY,GDP,454101382.488479,749138009.56454,712167575.624277,824880550.343965,3165663152.73351,4167800259.20888,4748174334.14044,5471256594.72422
250,Guyana,GUY,POP,754141,757975,745206,746156,747718,759281,775218,786559
251,Guyana,GUY,INC,369.509301675832,663.233539918967,767.067304593431,877.842409324994,3763.15357296429,4758.9507266462,5311.96924747062,4514.23208418363
252,Haiti,HTI,GDP,1878248741.04949,3338938830.01743,6331961555.40914,7184064657.2953,11597014807.3496,14902474090.615,15035560372.6443,14508218017.4032
253,Haiti,HTI,POP,7460684,8030721,8608810,9195289,9798046,10400672,10982367,11402533
254,Haiti,HTI,INC,243.814949439991,404.740495273829,721.361498505806,750.986300579266,1133.42183787402,1360.82698553688,1287.53050588053,1194.94435112968
255,Honduras,HND,GDP,4926728932.95069,5737099650.19011,7651174661.42872,9757034456.7578,14587496229.1811,18499710127.8385,23136232229.6069,23827840809.7014
256,Honduras,HND,POP,5394416,6045704,6751912,7458982,8150780,8798524,9429016,9904608
257,Honduras,HND,INC,800.37875193608,839.942894308405,1009.6004332582,1149.23772215894,1618.65574363803,1825.74795717934,2153.1969540424,2130.72014077307
258,"Hong Kong SAR, China",HKG,GDP,120353947980.764,177352785419.977,169403241524.337,181570082162.19,214046415026.187,275696879834.966,341273289534.466,344881400505.337
259,"Hong Kong SAR, China",HKG,POP,5901000,6489300,6714300,6813200,6972800,7178900,7393200,7481000
260,"Hong Kong SAR, China",HKG,INC,..,..,..,..,..,..,..,..
261,Hungary,HUN,GDP,40124916940.5945,47296952928.7561,53749989092.0197,113236711635.539,131114229049.178,135732595721.853,143136245596.988,156743134665.959
262,Hungary,HUN,POP,10357523,10290486,10187576,10087065,10022650,9893082,9787966,9750149
263,Hungary,HUN,INC,3007.77369265531,3410.85454917806,3991.09689994723,8728.08601317725,10090.1469300989,10848.9272034614,11606.1044646088,12755.7995825262
264,Iceland,ISL,GDP,6218581531.64347,7569666973.65322,8234846804.60582,16852963067.0496,13154414219.207,16125060515.3117,24728285177.4603,21718075725.2054
265,Iceland,ISL,POP,263725,271128,284968,296734,318499,323764,343400,366463
266,Iceland,ISL,INC,..,..,..,..,..,39104.0812607893,58170.1920548783,48047.3783176536
267,India,IND,GDP,279296022987.919,415867753863.874,485441014538.638,820381595512.902,1341886602798.69,1856722121394.53,2651472946374.91,2667687951796.56
268,India,IND,POP,927403866,1000900028,1075000094,1147609924,1217726217,1280842119,1338676779,1380004385
269,India,IND,INC,262.415138723792,364.916448917004,395.099876408367,621.240855523689,954.418394376812,1248.4140735383,1734.02525602006,1682.68367000171
270,Indonesia,IDN,GDP,158006700301.533,215748998609.635,160446947784.909,285868618224.017,539580085612.401,912524136718.018,1015618742565.81,1058688935454.78
271,Indonesia,IDN,POP,190851184,202826444,214427419,226289468,238620554,251805314,264650969,273523621
272,Indonesia,IDN,INC,724.861584223748,940.403504808973,540.388051881425,886.308905665875,1678.02344832827,2727.8377667618,3036.0985737799,3091.9983166669
273,"Iran, Islamic Rep.",IRN,GDP,63743623232.012,113919163421.155,126878750295.944,226452138291.542,416397025729.361,492775565649.562,486630146443.617,231547571240.469
274,"Iran, Islamic Rep.",IRN,POP,59723761,63136309,66449111,69762345,72924833,76481963,80673888,83992953
275,"Iran, Islamic Rep.",IRN,INC,753.820256165341,1379.38359092272,1477.15207364729,2538.20114477808,4701.73729156311,4788.38849240049,4360.62519109295,1830.07925684713
276,Iraq,IRQ,GDP,1031944881.13189,20764857056.3795,36176430128.8057,49954890353.2609,111657581662.35,234637675128.645,187217660050.676,184369797315.436
277,Iraq,IRQ,POP,18955087,21439579,24208178,26922279,28973157,33157061,37552789,40222503
278,Iraq,IRQ,INC,..,757.698714592311,1143.48676055227,1195.6398780526,3211.55667197967,5546.85390763503,3866.78880993529,3222.35136580839
279,Ireland,IRL,GDP,52417477613.676,82856648758.3572,109346669229.695,211876989655.907,236443115853.695,238279269750.987,335430829594.026,425888950992.003
280,Ireland,IRL,POP,3576261,3674171,3866243,4159914,4535375,4623816,4807388,4985674
281,Ireland,IRL,INC,11914.8153483704,17876.4774299702,20890.310162384,37210.1924431363,36027.739464947,35761.7328088778,38273.7635537593,41464.3894138568
282,Isle of Man,IMN,GDP,..,1180968165.4086,1659131243.73837,3032400000,5487083657.89064,7000748788.49461,6979581724.58172,..
283,Isle of Man,IMN,POP,71431,73851,77707,80293,84379,83985,83610,85032
284,Isle of Man,IMN,INC,..,..,..,..,..,..,..,..
285,Israel,ISR,GDP,..,114753492201.542,130816321183.156,142657069099.984,207953439208.606,294167366504.266,355277223507.485,407100736594.064
286,Israel,ISR,POP,5261000,5836000,6439000,6930100,7485600,8059500,8713300,9215100
287,Israel,ISR,INC,..,16526.361975265,16536.6158009888,17100.4051183192,23091.170387661,30890.8654044216,35237.7259824943,37545.2387539491
288,Italy,ITA,GDP,1064958075550.63,1241879604365.62,1168023426056.38,1858217147203.73,2199928804118.63,2141924094298.56,1961796197354.36,1892574064222.11
289,Italy,ITA,POP,56831821,56890372,56974100,57969484,59095365,60233948,60536709,59449527
290,Italy,ITA,INC,15689.8087362547,18624.2265022085,17309.597465446,27036.5194075899,30596.357694098,28975.2166379131,26826.2562849261,25981.6856725859
291,Jamaica,JAM,GDP,5440064773.17365,8400033893.99653,9194717835.99985,11243868485.7428,12120460872.8003,14264202737.3082,14808989993.3185,13812425036.5864
292,Jamaica,JAM,POP,2484583,2583914,2674706,2740000,2795839,2858710,2920848,2961161
293,Jamaica,JAM,INC,1920.914684722,2876.61028448791,2999.90439760813,3526.5959349972,3741.04540916762,4472.61669420637,4540.42214465977,4194.96194737385
294,Japan,JPN,GDP,4454143876947.21,4492448605638.94,4374711694090.87,4831467035389.8,5289493117993.89,5212328181166.18,4930837369151.42,5040107754084.11
295,Japan,JPN,POP,124829000,126057000,127149000,127773000,128047000,127445000,126972000,126261000
296,Japan,JPN,INC,28255.3723159801,27487.6893319071,26400.5512251461,29304.5034440641,31115.5946485672,31910.7927582701,30559.6891026237,31210.2143161305
297,Jordan,JOR,GDP,5605841535.57512,7246188575.45839,8975689844.8519,12588665303.244,24537876056.338,34454440140.8451,41408960845.0704,43697659295.7747
298,Jordan,JOR,POP,4201559,4848536,5217328,5765639,6893258,8518992,9785840,10203140
299,Jordan,JOR,INC,1148.31535960189,1300.65400354544,1582.54224310344,2043.5305352295,3324.99690184488,3728.42196025583,3960.38459440088,4063.74373592638
300,Kazakhstan,KAZ,GDP,23409260879.9427,22165932062.966,22152694161.8882,57123671733.8952,115308661142.927,236634552078.102,166805800595.704,171082379532.988
301,Kazakhstan,KAZ,POP,16380672,15334405,14858335,15147029,16092822,17035551,18037776,18755666
302,Kazakhstan,KAZ,INC,1124.40841142697,1144.69998836424,1009.10637625725,2188.26707072864,4825.93901573379,9495.10812306036,6650.32793630124,6705.43252691928
303,Kenya,KEN,GDP,5751789915.05363,13115773737.5664,12986007425.8781,18737897744.7948,42347217912.9176,61671425370.0235,82035800868.187,100666542665.72
304,Kenya,KEN,POP,26136217,29415660,32848569,36624897,40901798,45519986,50221146,53771300
305,Kenya,KEN,INC,163.107600406678,353.328414118759,319.146932478754,416.737603046223,737.986013238303,1001.2808078433,1328.25566199169,1541.38890153878
306,Kiribati,KIR,GDP,46919624.6430029,67537479.5903221,63101272.3699183,112133944.253532,132419903.291218,184550740.142316,188192060.085837,180911843.644622
307,Kiribati,KIR,POP,75711,80188,85844,92319,100928,107887,114153,119446
308,Kiribati,KIR,INC,911.233544821923,1324.04940470948,1203.83684607478,1609.32522083117,1704.04264161674,2664.52221840112,3007.45480905527,2797.62838236392
309,"Korea, Dem. People's Rep.",PRK,GDP,..,..,..,..,..,..,..,..
310,"Korea, Dem. People's Rep.",PRK,POP,21265832,22335263,23132982,23904167,24428340,24929500,25429816,25778815
311,"Korea, Dem. People's Rep.",PRK,INC,..,..,..,..,..,..,..,..
312,"Korea, Rep.",KOR,GDP,392666101884.959,569754543829.957,547658231279.87,934901071332.984,943941876218.743,1370795199976.18,1623901496835.79,1637895802792.9
313,"Korea, Rep.",KOR,POP,44194628,45953580,47370164,48184561,49307835,50428893,51361911,51836239
314,"Korea, Rep.",KOR,INC,7543.97746473454,10385.9370329335,9482.77951928121,15947.2240449343,15507.7946883084,22235.4182493024,25898.490913687,25281.8867373399
315,Kosovo,XKX,GDP,..,..,..,..,5015894692.97027,6735731172.79851,7180813375.50836,7716925356.12536
316,Kosovo,XKX,POP,1965000,2086000,1701154,1705780,1761474,1818117,1791003,1790133
317,Kosovo,XKX,INC,..,..,..,..,..,..,..,..
318,Kuwait,KWT,GDP,23941391390.7285,30355093966.3699,34887512226.9319,80798630136.9863,105963168867.269,174161142454.161,120707435542.367,105960225688.145
319,Kuwait,KWT,POP,..,1710257,2103273,2270196,2821041,3526382,4056102,4270563
320,Kuwait,KWT,INC,..,18950.7351722165,16094.4305904658,32675.7495385148,33959.0053679397,43536.0382263941,28774.949432643,..
321,Kyrgyz Republic,KGZ,GDP,2028295454.54545,1767864035.71943,1525116370.27939,2460248026.17783,4690062255.12247,7335027591.91628,7702934800.12836,7780874536.66054
322,Kyrgyz Republic,KGZ,POP,4516700,4696400,4945100,5162600,5383300,5719600,6198200,6579900
323,Kyrgyz Republic,KGZ,INC,..,311.573097502085,252.556715726713,403.073216012945,725.125465397886,978.634853790113,959.343498048787,872.816887314727
324,Lao PDR,LAO,GDP,1327748654.65969,1747011857.33107,1768619058.34647,2735558726.25625,5836138127.06562,11983252611.2727,17071162084.4067,18981800705.0794
325,Lao PDR,LAO,POP,4619946,5050308,5409584,5751675,6148621,6541302,6953031,7275556
326,Lao PDR,LAO,INC,226.546567449933,258.996255534793,256.531376635126,378.241970650816,712.795676865217,1375.31144433012,1860.58083595359,1973.06222316356
327,Latvia,LVA,GDP,..,6527926445.6811,8362398701.58943,17003459863.0989,26410909090.9091,30204783461.8488,30483806017.8318,33645460617.239
328,Latvia,LVA,POP,2563290,2432851,2337170,2238799,2141669,2012647,1942248,1900449
329,Latvia,LVA,INC,..,1791.47170944334,2656.41402102501,5849.119599709,10289.3758602098,11303.7237906743,12141.7012498592,13734.5426228173
330,Lebanon,LBN,GDP,7941744492.1211,15751867489.4446,17649751243.7811,21497336498.9718,35399582928.6236,46880103080.6634,53027680685.8375,25948915861.1985
331,Lebanon,LBN,POP,3246129,3658425,3990999,4698761,4813026,5913016,6819373,6825442
332,Lebanon,LBN,INC,2108.1899686099,3576.23673488348,3787.44277156727,3866.09345879812,6201.11081241732,6412.14008159898,6443.05831969801,3586.59892839812
333,Lesotho,LSO,GDP,835592802.276831,997996028.645833,825706961.238689,1682350934.85132,1740830510.87482,2367113170.00373,2306185361.14628,2250717718.46577
334,Lesotho,LSO,POP,1822237,1968054,2035738,1996115,1990135,2028528,2091532,2142252
335,Lesotho,LSO,INC,591.345920825052,613.447202512446,537.877521166923,1014.5640143432,1017.87481345216,1111.57574641502,1041.82383613244,807.374375637843
336,Liberia,LBR,GDP,..,..,906000000,949000000,1768000000,3177198100,3390703400,3039982540
337,Liberia,LBR,POP,1976701,2326210,2953928,3218114,3754129,4248337,4702224,5057677
338,Liberia,LBR,INC,..,..,157.179719728116,152.045137407288,248.915922796919,388.977791450092,359.277987699895,318.490459850851
339,Libya,LBY,GDP,30657030223.3903,30698633109.1343,34110064452.1567,47334148578.4164,60810211408.0574,75350633010.9303,67158415841.5842,52320215472.0934
340,Libya,LBY,POP,4755134,5118008,5443249,5798615,6133987,6320350,6580723,6871287
341,Libya,LBY,INC,..,..,..,5641.47785679656,7802.61905514547,8406.22572821983,5112.8135903363,3524.473906073
342,Liechtenstein,LIE,GDP,1673104493.77369,2298410390.68421,2491822706.80256,3659251525.8593,4504549214.22663,6391735893.83968,6474256118.61481,..
343,Liechtenstein,LIE,POP,29987,31830,33543,34718,35723,36940,37805,38137
344,Liechtenstein,LIE,INC,..,..,..,..,..,..,..,..
345,Lithuania,LTU,GDP,..,10118631851.5322,12237388001.7264,26097677571.8373,37388122046.1496,46523420074.4372,47758736931.7801,56546957475.4912
346,Lithuania,LTU,POP,3682613,3575137,3470818,3322528,3162916,2957689,2828403,2794885
347,Lithuania,LTU,INC,..,2303.31137661071,2952.19424372698,6741.15600278264,10331.8079880864,13289.4819342868,14097.5922536992,17026.2645196367
348,Luxembourg,LUX,GDP,15925521222.0149,19563836265.2233,21387533703.2327,37672280120.4794,54467289897.5582,65203276466.9763,65712180342.9836,73353132793.7076
349,Luxembourg,LUX,POP,397475,419450,441525,465158,497783,543360,596336,630419
350,Luxembourg,LUX,INC,34323.1469568612,39892.7340636152,37764.7400010713,66020.5295012417,57107.5062412654,72382.8237760087,65889.4609609921,67966.5464752187
351,"Macao SAR, China",MAC,GDP,5665570560.77112,7267563602.6231,6860272608.45211,12160002995.8433,21587740941.5979,51536304807.6803,50440941938.6992,25586111076.3415
352,"Macao SAR, China",MAC,POP,370195,401353,437928,482863,526401,577368,622578,649342
353,"Macao SAR, China",MAC,INC,..,..,..,..,..,..,..,..
354,Madagascar,MDG,GDP,4063298919.2868,4262965281.5836,5438332738.10373,5859269849.14523,9616879571.46431,12423555269.3893,13176313593.5509,13225591803.6232
355,Madagascar,MDG,POP,12675469,14347860,16260933,18336722,20569115,22961259,25570511,27691019
356,Madagascar,MDG,INC,274.606317125251,240.066801469644,284.64601794669,262.949325134677,365.654885437095,420.211442886188,412.298355535703,389.181794441053
357,Malawi,MWI,GDP,2070636935.58644,2663234933.89767,1716502862.2954,3655909664.1423,6191127665.1963,5518880768.57955,8943543677.18899,12172128469.5737
358,Malawi,MWI,POP,9710335,10264906,11432001,12625950,14128161,15839287,17670193,19129955
359,Malawi,MWI,INC,177.474750744467,215.547254338712,115.819922374697,238.562797496353,340.197714757832,268.146725119184,425.869490134864,561.405593742698
360,Malaysia,MYS,GDP,66894837030.4184,100005323301.867,92783947368.4211,143534102611.497,202257625195.063,323277158906.979,319112136545.438,337006023789.699
361,Malaysia,MYS,POP,19484901,21562790,23709115,25690615,27735038,29468923,31104655,32365998
362,Malaysia,MYS,INC,2188.17252602727,3059.63037462256,2499.2246942373,3760.74456249452,5174.23670616467,7800.49631361967,7219.23243759627,7464.71814936252
363,Maldives,MDV,GDP,322417837.161971,508223602.378929,870030468.628748,1163362437.5,2345294875,3295011381.75405,4754175869.24027,3742769967.42798
364,Maldives,MDV,POP,242596,263836,286309,319604,353391,415592,496398,540542
365,Maldives,MDV,INC,1048.44590073113,1645.75266363924,2645.19707267342,3183.42982376841,5318.77370965823,6327.04949192711,7887.06788030637,5700.81051206852
366,Mali,MLI,GDP,2818281080.10984,2697105821.83307,3468337941.0883,6247515892.29694,10231962382.7842,13242690790.0557,15365713059.1057,17465392779.0366
367,Mali,MLI,POP,9087173,10094363,11271603,12775509,14581427,16449854,18512429,20250834
368,Mali,MLI,INC,288.877373264163,235.256721709562,264.293487904935,426.178397147471,579.242449109457,659.499095542198,710.961947684142,718.803241501328
369,Malta,MLT,GDP,2709178326.78271,3793418418.41842,4088368978.34589,6416184181.07201,8696366907.4743,10551661176.7831,13505056441.5193,14917038504.285
370,Malta,MLT,POP,371308,382791,393028,403834,412477,425967,467999,515332
371,Malta,MLT,INC,..,..,..,..,..,..,..,..
372,Marshall Islands,MHL,GDP,99461000,110705600,122824000,136559500,149769600,184840400,213204100,244462400
373,Marshall Islands,MHL,POP,49828,50453,51411,55257,56255,56933,58053,59194
374,Marshall Islands,MHL,INC,..,..,..,..,..,..,..,..
375,Mauritania,MRT,GDP,1847350611.72458,2072001066.8212,1746064718.79169,2936019525.60241,4714592492.92972,7223071177.15856,6800135961.61412,7915985513.70246
376,Mauritania,MRT,POP,2198538,2433567,2702405,3024198,3393408,3817497,4282582,4649660
377,Mauritania,MRT,INC,751.543086489349,793.569922239638,581.283873510858,865.604537606251,1215.32989817438,1573.36689169127,1381.5593731535,1517.22310400127
378,Mauritius,MUS,GDP,3263368410.01813,4187367601.73431,4613630622.77501,6488750452.60067,9128843109.15588,12129642296.4425,13259351418.4459,10926820603.402
379,Mauritius,MUS,POP,1097374,1148284,1196287,1228254,1247429,1258653,1264613,1265740
380,Mauritius,MUS,INC,2751.95062487889,3176.7707235478,3432.59440588649,4725.37782410598,6359.06337373123,8778.47002034206,10138.8393338712,8333.51000152464
381,Mexico,MEX,GDP,500736065605.341,500413483109.175,756706300589.791,877476221382.101,900045350649.351,1274443084716.57,1158913035796.37,1087117783073.31
382,Mexico,MEX,POP,88625440,94611008,100298152,106005199,112463886,118827158,124777326,128932753
383,Mexico,MEX,INC,4903.9868187735,4365.49068981794,6281.00752907449,6532.12442712872,6290.56687629964,8274.30935730167,7290.1570901384,6302.12408091677
384,"Micronesia, Fed. Sts.",FSM,GDP,198400000,206626300,240970900,250281900,280284600,317214400,366666800,407515927.98229
385,"Micronesia, Fed. Sts.",FSM,POP,103901,108473,107170,106135,102971,105922,111461,115021
386,"Micronesia, Fed. Sts.",FSM,INC,1965.00345680829,1785.67718933339,2124.58844180195,2273.00588979191,2692.75900718185,3015.64384854233,3507.44516381991,3689.81667572524
387,Moldova,MDA,GDP,..,1930081168.83117,1480673594.05602,2988348836.471,5439422031.39627,9496717702.44839,9669741744.22001,11859730543.5525
388,Moldova,MDA,POP,2973114,2935524,2917252,2888111,2864346,2858692,2755158,2620495
389,Moldova,MDA,INC,..,498.469079512029,402.849181486783,974.634481770417,1703.50926696538,3268.65779518386,3289.47142327505,4110.00677722957
390,Monaco,MCO,GDP,2574302409.08038,2840175545.06631,2718868306.01093,4203084193.50827,5451653237.01028,6555983530.34932,6431314957.07185,6816219303.25528
391,Monaco,MCO,POP,30145,31268,32474,33842,35223,36899,38392,39244
392,Monaco,MCO,INC,..,..,..,..,..,..,..,..
393,Mongolia,MNG,GDP,768401634.154573,1180934202.83801,1267997934.3125,2523471532.01083,4583850367.88972,12582122604.1921,11480847745.3187,13312981594.573
394,Mongolia,MNG,POP,2263196,2335744,2419594,2526429,2673794,2881783,3113788,3278292
395,Mongolia,MNG,INC,301.500843772579,443.78442601104,451.41009929899,812.589119414078,1316.43543362689,3484.05769744283,2556.59412295314,3032.15247430856
396,Montenegro,MNE,GDP,..,..,1159869245.92513,2257174480.78597,4159330369.5471,4465771672.62005,4856602178.63417,4780722121.96227
397,Montenegro,MNE,POP,610170,609520,607389,614261,618294,621207,622373,621306
398,Montenegro,MNE,INC,..,..,..,..,6059.0351284826,6641.73937108896,7163.28864932446,6966.31698159554
399,Morocco,MAR,GDP,31655473663.8348,39147844526.0838,39459581217.3759,62343022650.8742,92897320375.8176,106825649872.108,109682728023.112,114725065285.149
400,Morocco,MAR,POP,26155204,27754573,29126323,30455563,31929087,33715705,35581257,36910558
401,Morocco,MAR,INC,1035.94482421875,1211.42272949219,1174.54638671875,1797.08056640625,2527.1279296875,2741.24951171875,2663.78271484375,2668.45141601563
402,Mozambique,MOZ,GDP,2729550591.08977,4648832184.06736,5398568543.63492,8542070109.70903,11914471497.1492,16974314296.2182,13219079497.7055,14028811071.7628
403,Mozambique,MOZ,POP,14370950,16397175,18221884,20493927,22894718,25560752,28649007,31255435
404,Mozambique,MOZ,INC,139.770864849709,220.032303881699,228.623553368283,350.294240500024,440.867507081747,537.829003170423,350.761294373592,330.055637861799
405,Myanmar,MMR,GDP,2809748387.09677,5633070602.54016,6220270632.33592,10588433068.8549,29455165594.6859,60572257122.2962,61449392056.1488,78930257227.0908
406,Myanmar,MMR,POP,42889992,45027223,47225119,48949931,50250366,51852464,53382521,54409794
407,Myanmar,MMR,INC,1105.89456951337,3359.62306771635,9457.70577449118,37608.5098022961,109603.768968991,1036.19947669944,999.298442268139,1301.50042173998
408,Namibia,NAM,GDP,3251230620.92603,4154955685.76389,3557333364.30795,7248394160.35502,8938868165.39165,12043276397.1652,12895153160.466,10562637375.594
409,Namibia,NAM,POP,1555098,1698029,1823667,1938316,2081039,2233506,2402623,2540916
410,Namibia,NAM,INC,1861.69971847053,2196.45461447928,1720.45399046195,3191.0442018004,3612.0189080876,4728.9375323949,4573.50056806836,3548.88288113214
411,Nauru,NRU,GDP,..,..,..,..,..,98491843.6441982,109359680.217211,114626625.553023
412,Nauru,NRU,POP,10287,10643,10219,9848,9945,10208,10577,10834
413,Nauru,NRU,INC,..,..,..,..,..,..,..,..
414,Nepal,NPL,GDP,3660041666.66667,4918691916.53516,6007055042.17687,8130258041.46706,12854985464.0764,22162208956.1412,28971589213.2184,33433670511.9364
415,Nepal,NPL,POP,20489973,22584772,24347113,25744500,26883531,26916795,27632682,29136808
416,Nepal,NPL,INC,175.106667039577,213.798728761301,238.33826783287,303.616106165474,462.502065974697,787.507103996928,993.239739411256,1085.53174762578
417,Netherlands,NLD,GDP,353550169672.52,416812740004.518,431586852369.686,685348181515.953,871518638049.218,877172824534.512,833869641687.06,913865395789.886
418,Netherlands,NLD,POP,15290368,15610650,16046180,16319868,16530388,16804432,17131296,17441500
419,Netherlands,NLD,INC,19249.7571957292,22809.4356998857,22429.9619646355,34541.5927649252,42746.2213604124,43470.7067201964,40814.5010388494,42296.0224348672
420,New Caledonia,NCL,GDP,2822244192.11073,3291130071.54057,3297734668.3899,6238632283.76502,8704436169.14341,10151385305.7645,9173668102.13844,9435529927.2471
421,New Caledonia,NCL,POP,184496,201418,217324,232250,245950,263650,270000,271960
422,New Caledonia,NCL,INC,13586.1473529252,13650.6528408789,..,..,..,..,..,..
423,New Zealand,NZL,GDP,46775620817.4327,66075143415.4952,53872425916.6248,114720129550.095,121373602348.679,190906575136.003,206623758800.159,211734532308.013
424,New Zealand,NZL,POP,3572200,3781300,3880500,4133900,4302600,4442100,4813600,5090200
425,New Zealand,NZL,INC,10136.8066849422,13837.5984597587,11095.13421062,21903.9771415734,22365.7944204156,34986.1878180917,35353.6196205281,33723.5719338085
426,Nicaragua,NIC,GDP,1756454248.36601,4389965590.96538,5323146565.70315,6321335612.22233,8298679908.55232,10982979274.1922,13785909906.1925,12586941392.6347
427,Nicaragua,NIC,POP,4462496,4827658,5145367,5438692,5745538,6062462,6384843,6624554
428,Nicaragua,NIC,INC,262.049315889005,772.678961818522,893.777558738325,1031.84562109276,1275.96433591837,1536.70556069379,1847.22075423286,1667.64126131912
429,Niger,NER,GDP,3052673622.85839,2290318800.33457,2448714680.56221,4383315656.99096,7352131669.2941,10224897934.722,11185102399.5762,13741378450.136
430,Niger,NER,POP,8860297,10178196,11751364,13624474,15843131,18504287,21602388,24206636
431,Niger,NER,INC,322.951773425033,213.244563794968,212.381108982252,340.009613410169,482.955827537022,550.003716085073,515.558144776763,520.699307035418
432,Nigeria,NGA,GDP,27752204320.0883,54457835193.4927,74030364472.0506,176134087150.341,295008767295.038,508692961937.492,375746469538.666,432293776262.398
433,Nigeria,NGA,POP,102700751,113457661,125394046,138865014,154324939,171765819,190873247,206139587
434,Nigeria,NGA,INC,180.756996467496,377.953953526398,470.873196143146,952.451454302665,1577.63893496709,2366.63846957309,1660.07656548444,1730.27921843541
435,North Macedonia,MKD,GDP,2682456896.55172,3912986090.97363,3709637829.94866,6258600713.82627,9401731495.71661,10817712138.9451,11307058382.3435,12116981815.2261
436,North Macedonia,MKD,POP,1984024,1996869,2034882,2036855,2050671,2064032,2074502,2072531
437,North Macedonia,MKD,INC,1020.28176359784,1552.97497538217,1467.63535055372,2392.30946632967,3589.7948247853,4124.55171790354,4300.66872287928,4853.91772923445
438,Northern Mariana Islands,MNP,GDP,..,..,..,1061000000,795000000,772000000,1560000000,..
439,Northern Mariana Islands,MNP,POP,45763,50052,58319,56547,54194,54786,56553,57557
440,Northern Mariana Islands,MNP,INC,..,..,..,..,..,..,..,..
441,Norway,NOR,GDP,120579072750.596,161356631888.484,173972218824.027,308884284051.222,386190385318.767,522761531914.894,398393955268.99,362198318435.26
442,Norway,NOR,POP,4311991,4405157,4513751,4623291,4828726,5079623,5276968,5379475
443,Norway,NOR,INC,21149.9021087275,28558.8838553663,29511.621799436,52320.4650619699,61746.736186777,80411.5238716661,61362.5193288807,53514.24748511
444,Oman,OMN,GDP,12493107932.3797,15837451235.3706,19452000520.156,31081991677.5033,48388363589.0767,89936020806.2419,80856697009.1027,73971391417.4252
445,Oman,OMN,POP,2072106,2249759,2294959,2511254,2876186,3764805,4665926,5106622
446,Oman,OMN,INC,3704.49943321874,4298.76043254939,4813.25357492173,6820.54324240929,9562.30169333809,10402.7475285328,9922.63617010443,..
447,Pakistan,PAK,GDP,51809949334.2396,62433300338.0941,79484403984.8849,120055291992.938,168152775283.032,231218567178.979,339205615769.187,300306331697.668
448,Pakistan,PAK,POP,117086680,131057432,145978408,160304007,175525610,191260799,207906210,220892331
449,Pakistan,PAK,INC,389.164787492152,414.775385771545,476.227585977958,664.665932394928,860.175175263268,1111.69288253386,1361.46413958556,1100.04265835617
450,Palau,PLW,GDP,..,..,156907900,190452900,187522800,221117200,285300000,257700000
451,Palau,PLW,POP,16285,18016,19390,19784,18290,17603,17809,18092
452,Palau,PLW,INC,..,..,..,..,..,..,..,..
453,Panama,PAN,GDP,8782585400,10677286100,12502013400,16374393900,27116635600,45599994000,62202725200,53977037000
454,Panama,PAN,POP,2629584,2853907,3089641,3330222,3579215,3835447,4106764,4314768
455,Panama,PAN,INC,2973.78503143256,3308.0021957135,3526.79370303145,4229.36279953354,6757.963069897,10488.2907583303,13237.2459864322,10878.6301192791
456,Papua New Guinea,PNG,GDP,4974550286.18152,4936615298.79367,3081024212.42924,4865892972.27595,11619637798.991,21261432791.2675,22742613553.6879,24667052023.1214
457,Papua New Guinea,PNG,POP,4949053,5446633,5974627,6494902,7144774,7788388,8438038,8947027
458,Papua New Guinea,PNG,INC,645.307517383576,674.732199777949,364.148388886069,494.765790440957,1161.15464328748,2145.5028094309,2176.08739183491,2290.62214242734
459,Paraguay,PRY,GDP,7249533620.30614,9965225678.05093,8495806432.18467,10737500188.1123,22355161514.3516,38651334287.6732,38997129473.5558,35432178068.1756
460,Paraguay,PRY,POP,4555518,4998096,5428442,5824095,6163970,6510273,6867058,7132530
461,Paraguay,PRY,INC,..,1608.02525334269,1198.23215295718,1423.65389829325,3051.50889585449,5118.19341279318,5077.23446439797,4446.46986420921
462,Peru,PER,GDP,34832077220.8537,58147522522.5225,52030158775.4055,76060606060.6061,120822986521.479,201175469114.327,211007207483.515,201705055938.653
463,Peru,PER,POP,23408135,25210957,26799289,27866140,28792663,29773986,31444299,32971846
464,Peru,PER,INC,1311.60592967651,2044.68012123647,1719.53839451508,2271.91291390819,3477.18892334047,5709.91194313314,5572.92316086709,5299.88146933711
465,Philippines,PHL,GDP,62036625222.1624,94106183450.0029,78921234457.5487,107419961717.693,175974711592.145,283902728260.716,328480867142.69,361751116292.541
466,Philippines,PHL,POP,66593904,73030879,79672869,86326251,92414161,98871558,105172921,109581085
467,Philippines,PHL,INC,861.89081093518,1240.17318191091,998.877790718714,1217.31361364858,1898.7839319736,2897.93491558951,3176.76194757302,3202.05093116051
468,Poland,POL,GDP,96045645026.178,159357789772.207,190905493539.168,306144336269.51,439737508413.192,521016262734.924,526508877305.321,596624355719.671
469,Poland,POL,POP,38461408,38649660,38248076,38165445,38151603,38040196,37974826,37899070
470,Poland,POL,INC,1757.28204808782,3495.43066623973,4243.49293938445,6770.63858222879,9786.70823457048,11603.9319107033,11677.8739465197,13314.9333160174
471,Portugal,PRT,GDP,95009751901.2592,117016535162.95,121604107164.997,197253876704.921,244667762835.543,226433858005.714,221357874718.93,228539245045.341
472,Portugal,PRT,POP,9964675,10108977,10362722,10503330,10568247,10457295,10300300,10297081
473,Portugal,PRT,INC,8262.71465698305,9824.73232073578,9677.99889589077,15530.379450978,18394.9404678342,17566.8166624702,17258.5116986798,17468.2513613822
474,Puerto Rico,PRI,GDP,36922456000,48187039000,69208400000,83914521300,96385600000,102450000000,103445526000,103138300000
475,Puerto Rico,PRI,POP,3615497,3759430,3818774,3821362,3740410,3593077,3325286,3281538
476,Puerto Rico,PRI,INC,..,..,..,..,..,..,..,..
477,Qatar,QAT,GDP,7156593653.84615,11297802115.3846,17538461538.4615,44530494505.4945,97798351648.3516,198727642979.297,161099122215.307,144411363345.27
478,Qatar,QAT,POP,501479,535320,615013,865410,1654944,2336579,2724727,2881060
479,Qatar,QAT,INC,10131.9249254893,14167.9518949165,19949.3985144265,30379.8273415352,36732.0986596933,57235.7262729923,46289.3306369963,37829.1279000868
480,Romania,ROU,GDP,26362894736.8421,35574916294.6429,40394824679.1232,98452791982.7024,174103695930.213,190801346194.297,211695422578.655,249511333647.502
481,Romania,ROU,POP,22763280,22553978,22131970,21319685,20367487,19983693,19588715,19257520
482,Romania,ROU,INC,847.00689191349,1167.56784297196,1410.34824723779,3591.82620528997,6959.38574466747,7530.70198923237,8733.0704462913,10734.5167238054
483,Russian Federation,RUS,GDP,435083713850.837,404928954191.876,306602070620.5,764017107992.391,1222644282201.86,2292473246621.08,1574199387070.9,1488321875489.74
484,Russian Federation,RUS,POP,148458777,147915361,145976482,143518814,142785349,143506995,144496739,144073139
485,Russian Federation,RUS,INC,1566.94567871094,1723.55261230469,1560.62524414063,4066.8193359375,6672.623046875,12500.1083984375,8397.439453125,8118.7255859375
486,Rwanda,RWA,GDP,1971525998.87685,1851558301.7002,1965500949.34016,2932340855.31852,5671592572.19972,7815975293.67372,9252834120.39358,10184345442.1708
487,Rwanda,RWA,POP,6263758,6419898,8231150,8840220,9782770,10811538,11980960,12952209
488,Rwanda,RWA,INC,269.767188002677,226.70880317465,200.737953016938,278.241993032257,471.586678087212,581.278254858796,609.889838138787,647.414943249629
489,Samoa,WSM,GDP,133122897.196262,285475591.89651,266299603.522766,476801791.149393,628006123.268896,770059564.970021,832025556.081401,807147527.615094
490,Samoa,WSM,POP,167117,172065,175394,179722,184553,190712,195358,198410
491,Samoa,WSM,INC,..,..,..,2092.85911786219,2679.19857602313,3486.57342416237,3686.7524661881,3495.5335116571
492,San Marino,SMR,GDP,..,..,1077413479.05282,1785847531.40157,2056126701.86163,1678841811.66158,1528630704.92544,1544713784.67671
493,San Marino,SMR,POP,25208,26563,27818,29324,30825,32554,33671,33938
494,San Marino,SMR,INC,..,..,..,..,..,..,..,..
495,Sao Tome and Principe,STP,GDP,..,..,75951210.6852445,136450274.673234,187820464.571058,300554483.611626,375614126.193877,472914469.91933
496,Sao Tome and Principe,STP,POP,127066,135831,144760,157472,175877,192076,207086,219161
497,Sao Tome and Principe,STP,INC,..,..,422.812006065895,730.538341670989,960.61966606919,937.627315603881,1253.61683539471,1630.07678519076
498,Saudi Arabia,SAU,GDP,132967901415.22,165963557409.88,184137469733.333,328459700114.755,429097899280,746647127407.619,688586094412.68,703367841222.555
499,Saudi Arabia,SAU,POP,17763297,19407138,21202646,23816175,26630303,30052058,33101183,34813867
500,Saudi Arabia,SAU,INC,6093.56219603084,6810.70409129574,7036.98433378645,10408.2366073273,13378.974630004,19344.3373578234,17149.9488917664,17428.071850716
501,Senegal,SEN,GDP,7367985694.79161,6041478436.08043,6507824767.06303,11009032665.3876,16145868284.5645,18918668644.1941,20996564751.5994,24493157583.2282
502,Senegal,SEN,POP,8226749,9130876,10036102,11090123,12335092,13782429,15419354,16743930
503,Senegal,SEN,INC,818.46302150432,580.849943277718,573.507846854826,881.382015121579,1159.3632638858,1193.39408501651,1193.36406553354,1275.06063956578
504,Serbia,SRB,GDP,..,25676487999.5941,12960538723.7591,27683225959.2468,45162894380.9318,48394239474.6762,44179055279.8887,53335016425.4148
505,Serbia,SRB,POP,7699307,7596501,7503433,7440769,7320807,7164132,7020858,6899126
506,Serbia,SRB,INC,..,..,..,..,5069.82037234081,4992.09529946471,5026.04951964824,6310.02023993928
507,Seychelles,SYC,GDP,473916819.453826,562958836.519905,622262057.191635,919103254.545455,847397850.094417,1328089686.37137,1573428277.12074,1200634489.34841
508,Seychelles,SYC,POP,72253,77319,81202,82858,87298,89949,95843,98462
509,Seychelles,SYC,INC,5841.05313211645,6304.17221774343,6557.77326059431,9861.79470949278,7992.73642155918,12270.7525169898,12734.9188407688,8556.45762617378
510,Sierra Leone,SLE,GDP,768812334.801762,850218033.622007,1090467712.30773,1650494366.99875,2453899846.88317,4920343194.99339,3719369107.34992,4063289449.58795
511,Sierra Leone,SLE,POP,4328965,4335295,4754069,5645629,6272735,6863975,7488427,7976985
512,Sierra Leone,SLE,INC,139.997769238119,149.632055507791,192.008657495003,241.237694593407,361.699101009894,632.386550119881,407.512739048038,434.83870221801
513,Singapore,SGP,GDP,60603478153.2368,100124191810.345,89794943349.8912,127807618360.971,194152286008.938,307576360584.992,343193352161.634,345295933898.674
514,Singapore,SGP,POP,3313471,3796038,4138012,4265762,4987573,5399162,5612253,5685807
515,Singapore,SGP,INC,15268.869175314,23625.4803695089,18130.2437548874,23680.8306024178,30786.675196359,45930.9558859569,47269.5603531612,42048.8213641677
516,Sint Maarten (Dutch part),SXM,GDP,..,..,..,..,..,1022905027.93296,1191620111.73184,..
517,Sint Maarten (Dutch part),SXM,POP,30765,31731,30600,33011,34238,36607,40574,42310
518,Sint Maarten (Dutch part),SXM,INC,..,..,..,..,..,..,..,..
519,Slovak Republic,SVK,GDP,16520676973.5301,27706028095.6157,30778781606.9575,62808723476.719,89399303222.155,98569320342.5842,95393515077.7472,105172564491.569
520,Slovak Republic,SVK,POP,5325305,5383291,5378867,5372807,5386406,5413393,5439232,5458827
521,Slovak Republic,SVK,INC,..,3588.83070015779,4165.37229500439,8917.02635327621,13229.6136572657,14810.0539874466,14165.2316423563,15629.1878310939
522,Slovenia,SVN,GDP,..,20763101740.6963,20876309970.385,36206395970.6504,50567734885.9613,48415657264.8758,48589100043.0954,53589609580.7099
523,Slovenia,SVN,POP,1991746,1985956,1992060,2000474,2039669,2059953,2066388,2102419
524,Slovenia,SVN,INC,..,8506.36443067983,8430.82458664031,14480.6645061133,19459.7800908211,18178.9540841856,18449.4448165419,20263.1422555065
525,Solomon Islands,SLB,GDP,300749474.542774,526559955.87721,409507389.162562,476836691.058314,735997355.679702,1284763287.27352,1483793468.06299,1545888426.23031
526,Solomon Islands,SLB,POP,339501,379998,423949,469918,515182,571329,636030,686878
527,Solomon Islands,SLB,INC,803.634920412962,1229.54860504498,868.605787456102,905.903439487792,1176.17112932106,2010.91912248104,2054.13927574938,2067.60454749266
528,Somalia,SOM,GDP,..,..,..,..,..,4574495666.99509,5609000000,6965285324.52156
529,Somalia,SOM,POP,7315864,7936122,9186719,10446856,11717691,13063711,14589165,15893219
530,Somalia,SOM,INC,..,..,..,..,..,213.986024693906,214.363883951113,241.926268323368
531,South Africa,ZAF,GDP,147196639471.188,168976663845.486,135429607036.658,288868489078.987,329753048857.052,400886013595.573,381448814653.456,335442101366.417
532,South Africa,ZAF,POP,39633754,42987456,45571272,47880595,50477013,53687125,57009751,59308690
533,South Africa,ZAF,INC,3073.40530716593,3289.73050165339,2442.3674393268,5090.41542449579,5366.48585636737,6061.65426779096,5495.60398900876,4603.51500719316
534,South Sudan,SSD,GDP,..,..,..,..,12231264525.0671,18426469016.9492,..,..
535,South Sudan,SSD,POP,5185712,5411653,6447791,7535931,9142258,10355030,10910774,11193729
536,South Sudan,SSD,INC,..,..,..,..,..,1428.1029127661,..,..
537,Spain,ESP,GDP,525075636030.854,590077272727.273,627830029412.205,1153715822717.51,1491472923706.64,1355142585077.65,1312539279462.36,1281484640043.58
538,Spain,ESP,POP,39361262,40057389,40850412,43653155,46362946,46620045,46593236,47363419
539,Spain,ESP,INC,11566.0964820188,12721.967608989,13213.1230249722,22572.02782452,26780.2765454654,24338.7439815234,23802.7567998904,22545.9584476334
540,Sri Lanka,LKA,GDP,10338679635.7616,15091913883.7091,15749753804.8344,24405791044.7761,42066217871.5349,74317806538.3632,87428128123.7209,80969683537.4541
541,Sri Lanka,LKA,POP,17924827,18470897,18911727,19544988,20123508,20585000,21444000,21919000
542,Sri Lanka,LKA,INC,547.381874805673,765.129018383054,773.310703269162,1160.58964878911,1942.75315948549,3273.42662196307,3669.10597171059,3314.91227852515
543,St. Kitts and Nevis,KNA,GDP,263755555.555556,374641307.974641,458643829.014199,547203703.703704,774273111.111111,875376407.407407,1060638333.33333,980905888.888889
544,St. Kitts and Nevis,KNA,POP,41141,42857,44602,46852,48599,50328,52036,53192
545,St. Kitts and Nevis,KNA,INC,..,..,..,..,..,..,..,..
546,St. Lucia,LCA,GDP,684814814.814815,805925925.925926,892592592.592592,1135555555.55556,1401507888.88889,1664816740.74074,1996771440.74074,1616772748.14815
547,St. Lucia,LCA,POP,143402,150920,158184,163408,172223,177505,180955,183629
548,St. Lucia,LCA,INC,4081.13644186193,4582.61372989942,4623.31870374258,5638.75454415694,6971.72077785493,7141.53863739838,8248.41157199702,6806.85275574005
549,St. Martin (French part),MAF,GDP,..,..,..,..,..,..,..,..
550,St. Martin (French part),MAF,POP,30194,26910,29847,34252,37380,36458,36569,38659
551,St. Martin (French part),MAF,INC,..,..,..,..,..,..,..,..
552,St. Vincent and the Grenadines,VCT,GDP,286307407.407407,347770370.37037,462072315.600659,579948909.317389,714300243.780263,764781242.711841,847620214.758074,872134546.803407
553,St. Vincent and the Grenadines,VCT,POP,108036,107895,107893,108617,108293,108624,109826,110947
554,St. Vincent and the Grenadines,VCT,INC,2488.00927899673,2994.00071734236,3655.71544251846,4501.54779488692,5401.52732047501,5341.70277899312,5915.90687280501,6023.19416391399
555,Sudan,SDN,GDP,8881785938.48085,11681494637.3041,15716489369.9266,35182105414.3919,58316191440.365,66026600235.4524,129717804934.614,26987563444.1489
556,Sudan,SDN,POP,22527837,25413912,27971077,30949514,33783779,37072555,40813398,43849269
557,Sudan,SDN,INC,..,..,..,..,..,961.407165527344,879.032043457031,392.157836914063
558,Suriname,SUR,GDP,428764705.882353,926422500,834279357.798165,1793388732.29125,3875409836.06557,5145757575.75758,3591623596.03082,2884248048.49068
559,Suriname,SUR,POP,428028,454165,476574,499461,523113,547295,570501,586634
560,Suriname,SUR,INC,792.654894018326,1676.40178788518,1181.52063600723,2716.55632625881,5921.25091037785,6410.09580200903,3755.52351606879,3105.78410112912
561,Sweden,SWE,GDP,212953336588.123,268146144677.73,242395852494.409,392218088878.779,436537014293.554,586841821796.891,541018749769.097,541487151474.557
562,Sweden,SWE,POP,8718561,8846062,8895960,9029572,9298515,9600379,10057698,10353442
563,Sweden,SWE,INC,19728.4177741595,25230.9153573805,22913.7663452961,37182.0863604623,39740.0612140789,52094.1167092427,45603.2155282408,44552.0795523668
564,Switzerland,CHE,GDP,272466458446.129,295121356714.67,287226531168.523,420544947799.55,558199868578.256,712748124222.61,704478516963.855,752248045730.11
565,Switzerland,CHE,POP,6938265,7088906,7229854,7437115,7743831,8089346,8451840,8636561
566,Switzerland,CHE,INC,..,34887.4087643425,32551.7104474895,48466.6063655248,56404.0600615897,70273.6079683752,63880.5240578711,63793.5936531567
567,Syrian Arab Republic,SYR,GDP,36860133630.2895,66420400890.8686,86771314031.1804,134203830734.967,224561692650.334,22552466245.3309,16340665431.5167,..
568,Syrian Arab Republic,SYR,POP,13565074,15175308,16766555,18361178,21205873,19578466,17095669,17500657
569,Syrian Arab Republic,SYR,INC,..,..,4356.51286338324,6072.95229906872,9285.0587274298,836.573345990748,848.182973097104,..
570,Tajikistan,TJK,GDP,1644325581.39535,921572114.529611,1080768906.5003,2312327536.41789,4979481980.35098,8448469837.53831,7536439875.08334,8133996647.90397
571,Tajikistan,TJK,POP,5593317,5938404,6318510,6789318,7364752,8059782,8880270,9537642
572,Tajikistan,TJK,INC,..,..,..,316.18510307055,754.279691741054,1142.49844229297,916.201835017776,865.484675137216
573,Tanzania,TZA,GDP,4257702196.53864,7683852496.84499,13581644245.7352,18399046025.2688,29081425282.2949,45680532613.7591,53320625958.5628,62409709110.9538
574,Tanzania,TZA,POP,27887204,31192853,34385849,38450323,43073830,48483132,54660345,59734213
575,Tanzania,TZA,INC,112.204711914063,199.947082519531,335.587310791016,424.936676025391,579.081359863281,746.376953125,849.9033203125,947.720764160156
576,Thailand,THA,GDP,128889318946.587,150180619366.605,120296476180.402,189318549680.384,281710416557.292,420333203150.426,456356961443.497,499681757030.968
577,Thailand,THA,POP,58337773,60846588,63539190,65416189,66866834,68144519,69209817,69799978
578,Thailand,THA,INC,1904.59786110707,1993.73321361863,1465.0554690848,2285.70691020562,3346.91145575802,4645.86830146373,5107.34238978813,5715.84966231865
579,Timor-Leste,TLS,GDP,..,..,477443500,462283600,726882400,1395519600,1615609700,1902156800
580,Timor-Leste,TLS,POP,806867,861870,901214,995130,1074286,1153288,1243260,1318442
581,Timor-Leste,TLS,INC,..,..,..,..,..,..,1255.11731569635,1627.43637087091
582,Togo,TGO,GDP,1233496846.33493,1498950899.08774,1482437752.05739,2281482855.46518,3379258564.97242,4321655656.33177,6395472574.41445,7574636978.66175
583,Togo,TGO,POP,4029044,4485945,5062571,5611643,6250840,6954721,7698476,8278737
584,Togo,TGO,INC,257.058053455177,288.129084490111,259.342473258975,358.89662398728,452.192158473135,496.253441829412,723.24506407204,824.271573949462
585,Tonga,TON,GDP,138489884.393064,214991452.314998,181116952.7897,261797606.149719,312377379.297118,450643615.180528,460379144.989821,488829964.070819
586,Tonga,TON,POP,95556,96621,98482,100908,103897,101768,102002,105697
587,Tonga,TON,INC,1366.97977121819,2108.76125675532,1690.45459317723,2368.16421478832,2857.54097905913,4154.03957856481,4290.14389322762,4585.68559999561
588,Trinidad and Tobago,TTO,GDP,4669488516.37981,5737751331.63779,8824873259.32105,15982282462.3786,19172165225.5015,27294453245.3822,23180107751.9208,21392536137.7724
589,Trinidad and Tobago,TTO,POP,1243605,1259838,1271627,1296497,1320921,1353708,1384060,1399491
590,Trinidad and Tobago,TTO,INC,2681.58121095991,3333.56873524256,5185.16798762571,8674.09718287933,10060.3179373679,13633.4298428566,13307.8811733898,13035.719543486
591,Tunisia,TUN,GDP,14608946896.483,20746360430.4187,22066031834.2948,32273007553.5687,43454935940.1614,48684187850.0646,42164007605.1914,42514151614.2796
592,Tunisia,TUN,POP,8795934,9395119,9793915,10106778,10525691,10952949,11433438,11818618
593,Tunisia,TUN,INC,1235.85119908152,1707.04357862905,1775.6041268181,2444.54057676931,3104.36689087107,3441.05873012618,3406.55043443528,3357.81168975041
594,Turkiye,TUR,GDP,180169736363.636,189834649111.257,201751148417.102,506308311476.63,649272568774.193,957783020853.031,858996263095.858,719954821683.31
595,Turkiye,TUR,POP,56653808,60372571,64192243,67903461,71321406,75925454,81116451,84339067
596,Turkiye,TUR,INC,2650.33623498346,2618.48556272159,2514.04566796656,6201.46561506749,7511.63101553361,10694.219990434,8835.20306788034,7146.6572261729
597,Turkmenistan,TKM,GDP,3179225948.58114,2450349634.47436,3534803921.56863,8103901996.37024,20214385964.9123,39197543859.6491,37926285714.2857,..
598,Turkmenistan,TKM,POP,4010789,4355125,4564087,4754652,5007953,5366376,5757667,6031187
599,Turkmenistan,TKM,INC,..,..,263.038410794897,714.186394546005,2697.73275448755,..,..,..
600,Turks and Caicos Islands,TCA,GDP,..,..,358744800,578645760,703175750,754238000,1022365000,924583000
601,Turks and Caicos Islands,TCA,POP,14526,17566,21578,28181,31933,34733,37116,38718
602,Turks and Caicos Islands,TCA,INC,..,..,..,..,..,..,24621.6110270219,..
603,Tuvalu,TUV,GDP,9630762.95389637,12700905.4475286,13965035.6884245,22909507.4455899,28076743.0978007,38617493.7246573,45217657.8786021,55054710.6186773
604,Tuvalu,TUV,POP,9194,9328,9478,9997,10413,10849,11365,11792
605,Tuvalu,TUV,INC,..,..,..,..,..,..,..,..
606,Uganda,UGA,GDP,3220439044.18949,6269333313.17108,5840503868.57246,9239221858.55839,25127805566.4511,28915786996.5518,30744473911.5312,37600368180.9399
607,Uganda,UGA,POP,19175986,21655392,24388974,27684590,31411096,35694519,41166588,45741000
608,Uganda,UGA,INC,119.221081036244,220.262074180291,186.769432739111,256.390761214495,635.743002942635,586.743076684384,573.37960338836,698.407693142137
609,Ukraine,UKR,GDP,65607522123.8938,50150400171.8859,39309580983.2282,89239370109.4698,121552777492.556,190498811460.028,112090530368.543,156617861448.576
610,Ukraine,UKR,POP,52179200,50594600,48662400,47105171,46053331,45489648,44831135,44132049
611,Ukraine,UKR,INC,..,780.993469238281,614.511108398438,1501.705078125,2044.81384277344,3527.08374023438,2351.48583984375,3328.54052734375
612,United Arab Emirates,ARE,GDP,55625170253.337,78839008444.5655,103311640571.818,180617467964.602,253547358747.447,390107528483.058,385605506854.881,358868765174.924
613,United Arab Emirates,ARE,POP,2173135,2671361,3302722,4588222,7917368,9197908,9487206,9890400
614,United Arab Emirates,ARE,INC,..,..,28938.6901951932,33404.7013957256,27359.2980971914,37966.77583614,37705.5217345905,33374.8117240011
615,United Kingdom,GBR,GDP,1061388722255.55,1559569417157.83,1643908161796.46,2544829090909.09,2425798410967.44,2803291406029.93,2699016715111.39,2756900214107.32
616,United Kingdom,GBR,POP,57718614,58316954,59119673,60401206,62276270,64128273,66058859,67081000
617,United Kingdom,GBR,INC,16163.4426842723,22857.5286452614,24113.2739004505,36814.7189951065,32521.4378788444,36220.9675524544,34060.8031040403,..
618,United States,USA,GDP,6858559000000,8577554457000,10581929774000,13039199193000,14478064934000,16843190993000,19479620056000,20893743833000
619,United States,USA,POP,259919000,272657000,284968955,295516599,306771529,316059947,325122128,331501080
620,United States,USA,INC,21808.806768977,26816.8788375126,31718.0404793486,37665.6816755579,39084.9485509918,45737.9592830844,51490.4264113232,53329.0188950558
621,Uruguay,URY,GDP,15002106518.4847,23969823010.4429,20898788416.6348,17362857683.8545,31660911277.0294,57531233350.9101,64233966861.2518,53560755046.5726
622,Uruguay,URY,POP,3177734,3270158,3325471,3321799,3349676,3389436,3436645,3473727
623,Uruguay,URY,INC,4170.37799088744,6553.19697868638,5577.49313701815,4524.27654060324,8087.26243689333,13746.9358671583,14863.2560207218,12228.7950720021
624,Uzbekistan,UZB,GDP,13099013835.5111,14744603773.5849,11401421329.1974,14307509838.8053,33689223673.2577,73180036692.3255,62081323299.0324,59894305352.8955
625,Uzbekistan,UZB,POP,21942000,23667000,24964450,26167000,27767400,30243200,32388600,34232050
626,Uzbekistan,UZB,INC,..,..,316.102411293426,411.954578862342,929.676522584138,1940.49698453559,1610.24657882234,1375.45304485534
627,Vanuatu,VUT,GDP,200491853.167847,272771209.113662,257926881.72043,394962552.336108,592622502.360859,758304466.245339,880062103.045053,896827873.114925
628,Vanuatu,VUT,POP,159743,174917,189209,209282,230244,256637,285499,307150
629,Vanuatu,VUT,INC,964.514218271605,1243.37958327185,1220.55598850252,1591.56552939654,2229.51148270138,2647.36550277613,2796.68313680735,2873.56374834584
630,"Venezuela, RB",VEN,GDP,60065011013.2159,85843534588.6206,122903960204.505,145510008134.75,329787628928.471,371005379786.566,..,..
631,"Venezuela, RB",VEN,POP,21016900,22837743,24646471,26432445,28031010,29781046,29402480,28435943
632,"Venezuela, RB",VEN,INC,2106.99096678361,2728.21904259592,3782.31183920929,4093.37405658985,9423.5861640003,9091.96402305006,..,..
633,Vietnam,VNM,GDP,13180953598.1716,26843700441.5482,32685198735.3053,57633255618.2731,106014659770.222,213710932339.105,281353402175.236,343242570827.351
634,Vietnam,VNM,POP,72300308,77133212,80742500,83832662,87092250,90752593,94600643,97338583
635,Vietnam,VNM,INC,164.137791770718,321.61273355383,350.588062810291,531.831142333921,920.689509204995,1478.31643516919,1856.11127140407,2235.89818108719
636,Virgin Islands (U.S.),VIR,GDP,..,..,..,4428000000,4201000000,3738000000,3794000000,4204000000
637,Virgin Islands (U.S.),VIR,POP,106578,108357,108549,108453,108404,108041,107281,106290
638,Virgin Islands (U.S.),VIR,INC,..,..,..,..,..,..,..,..
639,West Bank and Gaza,PSE,GDP,..,3759800000,4003700000,5125700000,8085700000,13515500000,16128000000,15531700000
640,West Bank and Gaza,PSE,POP,2262676,2706518,2997784,3320396,3689099,4076708,4454805,4803269
641,West Bank and Gaza,PSE,INC,..,..,..,..,..,..,..,..
642,"Yemen, Rep.",YEM,GDP,5368270614.8468,6838557384.40357,9861560094.74009,16746344766.2044,25130274124.2525,40415235701.9871,26842231204.8047,18840511908.2484
643,"Yemen, Rep.",YEM,POP,13634082,15975676,17918369,20107416,22516464,25147112,27834811,29825968
644,"Yemen, Rep.",YEM,INC,325.403395638473,288.684200988895,361.314403138154,484.012452137961,856.379857513946,1367.84573347518,916.302213505129,..
645,Zambia,ZMB,GDP,3273237853.35689,4303281932.29365,4094480988.11931,8331870169.14977,15328342303.9575,28037239462.7142,25873601260.8353,18110631358.3114
646,Zambia,ZMB,POP,8656484,9597610,10692197,11856244,13215142,14926551,16853608,18383956
647,Zambia,ZMB,INC,269.54931390764,329.494740263474,285.413389949501,482.072638671163,852.87106098667,1443.07899037018,1174.97105554392,754.990810569357
648,Zimbabwe,ZWE,GDP,6563813300,8529571600,6777384700,5755215200,9665793300,19091020000,17584890936.6523,18051170798.941
649,Zimbabwe,ZWE,POP,11092775,11653254,11923906,12076697,12526964,13350378,14236599,14862927
650,Zimbabwe,ZWE,INC,535.827092733707,633.248256487541,480.903425079138,349.913567560522,639.649822341247,1246.18275381994,1050.25307032437,985.101423189625
